country_alpha2,country_alpha3,country_name,country_flag_url
AF,AFG,Afghanistan,//upload.wikimedia.org/wikipedia/commons/thumb/9/9a/Flag_of_Afghanistan.svg/23px-Flag_of_Afghanistan.svg.png
AX,ALA,Åland Islands,//upload.wikimedia.org/wikipedia/commons/thumb/5/52/Flag_of_%C3%85land.svg/23px-Flag_of_%C3%85land.svg.png
AL,ALB,Albania,//upload.wikimedia.org/wikipedia/commons/thumb/3/36/Flag_of_Albania.svg/21px-Flag_of_Albania.svg.png
DZ,DZA,Algeria,//upload.wikimedia.org/wikipedia/commons/thumb/7/77/Flag_of_Algeria.svg/23px-Flag_of_Algeria.svg.png
AS,ASM,American Samoa,//upload.wikimedia.org/wikipedia/commons/thumb/8/87/Flag_of_American_Samoa.svg/23px-Flag_of_American_Samoa.svg.png
AD,AND,Andorra,//upload.wikimedia.org/wikipedia/commons/thumb/1/19/Flag_of_Andorra.svg/22px-Flag_of_Andorra.svg.png
AO,AGO,Angola,//upload.wikimedia.org/wikipedia/commons/thumb/9/9d/Flag_of_Angola.svg/23px-Flag_of_Angola.svg.png
AI,AIA,Anguilla,//upload.wikimedia.org/wikipedia/commons/thumb/b/b4/Flag_of_Anguilla.svg/23px-Flag_of_Anguilla.svg.png
AQ,ATA,Antarctica,//upload.wikimedia.org/wikipedia/commons/thumb/b/bb/Proposed_flag_of_Antarctica_%28Graham_Bartram%29.svg/23px-Proposed_flag_of_Antarctica_%28Graham_Bartram%29.svg.png
AG,ATG,Antigua and Barbuda,//upload.wikimedia.org/wikipedia/commons/thumb/8/89/Flag_of_Antigua_and_Barbuda.svg/23px-Flag_of_Antigua_and_Barbuda.svg.png
AR,ARG,Argentina,//upload.wikimedia.org/wikipedia/commons/thumb/1/1a/Flag_of_Argentina.svg/23px-Flag_of_Argentina.svg.png
AM,ARM,Armenia,//upload.wikimedia.org/wikipedia/commons/thumb/2/2f/Flag_of_Armenia.svg/23px-Flag_of_Armenia.svg.png
AW,ABW,Aruba,//upload.wikimedia.org/wikipedia/commons/thumb/f/f6/Flag_of_Aruba.svg/23px-Flag_of_Aruba.svg.png
AU,AUS,Australia,//upload.wikimedia.org/wikipedia/commons/thumb/8/88/Flag_of_Australia_%28converted%29.svg/23px-Flag_of_Australia_%28converted%29.svg.png
AT,AUT,Austria,//upload.wikimedia.org/wikipedia/commons/thumb/4/41/Flag_of_Austria.svg/23px-Flag_of_Austria.svg.png
AZ,AZE,Azerbaijan,//upload.wikimedia.org/wikipedia/commons/thumb/d/dd/Flag_of_Azerbaijan.svg/23px-Flag_of_Azerbaijan.svg.png
BS,BHS,Bahamas,//upload.wikimedia.org/wikipedia/commons/thumb/9/93/Flag_of_the_Bahamas.svg/23px-Flag_of_the_Bahamas.svg.png
BH,BHR,Bahrain,//upload.wikimedia.org/wikipedia/commons/thumb/2/2c/Flag_of_Bahrain.svg/23px-Flag_of_Bahrain.svg.png
BD,BGD,Bangladesh,//upload.wikimedia.org/wikipedia/commons/thumb/f/f9/Flag_of_Bangladesh.svg/23px-Flag_of_Bangladesh.svg.png
BB,BRB,Barbados,//upload.wikimedia.org/wikipedia/commons/thumb/e/ef/Flag_of_Barbados.svg/23px-Flag_of_Barbados.svg.png
BY,BLR,Belarus,//upload.wikimedia.org/wikipedia/commons/thumb/8/85/Flag_of_Belarus.svg/23px-Flag_of_Belarus.svg.png
BE,BEL,Belgium,//upload.wikimedia.org/wikipedia/commons/thumb/9/92/Flag_of_Belgium_%28civil%29.svg/23px-Flag_of_Belgium_%28civil%29.svg.png
BZ,BLZ,Belize,//upload.wikimedia.org/wikipedia/commons/thumb/e/e7/Flag_of_Belize.svg/23px-Flag_of_Belize.svg.png
BJ,BEN,Benin,//upload.wikimedia.org/wikipedia/commons/thumb/0/0a/Flag_of_Benin.svg/23px-Flag_of_Benin.svg.png
BM,BMU,Bermuda,//upload.wikimedia.org/wikipedia/commons/thumb/b/bf/Flag_of_Bermuda.svg/23px-Flag_of_Bermuda.svg.png
BT,BTN,Bhutan,//upload.wikimedia.org/wikipedia/commons/thumb/9/91/Flag_of_Bhutan.svg/23px-Flag_of_Bhutan.svg.png
BO,BOL,Bolivia (Plurinational State of),//upload.wikimedia.org/wikipedia/commons/thumb/4/48/Flag_of_Bolivia.svg/22px-Flag_of_Bolivia.svg.png
BQ,BES,"Bonaire, Sint Eustatius and Saba",//upload.wikimedia.org/wikipedia/commons/thumb/2/20/Flag_of_the_Netherlands.svg/23px-Flag_of_the_Netherlands.svg.png
BA,BIH,Bosnia and Herzegovina,//upload.wikimedia.org/wikipedia/commons/thumb/b/bf/Flag_of_Bosnia_and_Herzegovina.svg/23px-Flag_of_Bosnia_and_Herzegovina.svg.png
BW,BWA,Botswana,//upload.wikimedia.org/wikipedia/commons/thumb/f/fa/Flag_of_Botswana.svg/23px-Flag_of_Botswana.svg.png
BV,BVT,Bouvet Island,//upload.wikimedia.org/wikipedia/commons/thumb/d/d9/Flag_of_Norway.svg/21px-Flag_of_Norway.svg.png
BR,BRA,Brazil,//upload.wikimedia.org/wikipedia/en/thumb/0/05/Flag_of_Brazil.svg/22px-Flag_of_Brazil.svg.png
IO,IOT,British Indian Ocean Territory,//upload.wikimedia.org/wikipedia/commons/thumb/6/65/Flag_of_the_Commissioner_of_the_British_Indian_Ocean_Territory.svg/23px-Flag_of_the_Commissioner_of_the_British_Indian_Ocean_Territory.svg.png
BN,BRN,Brunei Darussalam,//upload.wikimedia.org/wikipedia/commons/thumb/9/9c/Flag_of_Brunei.svg/23px-Flag_of_Brunei.svg.png
BG,BGR,Bulgaria,//upload.wikimedia.org/wikipedia/commons/thumb/9/9a/Flag_of_Bulgaria.svg/23px-Flag_of_Bulgaria.svg.png
BF,BFA,Burkina Faso,//upload.wikimedia.org/wikipedia/commons/thumb/3/31/Flag_of_Burkina_Faso.svg/23px-Flag_of_Burkina_Faso.svg.png
BI,BDI,Burundi,//upload.wikimedia.org/wikipedia/commons/thumb/5/50/Flag_of_Burundi.svg/23px-Flag_of_Burundi.svg.png
CV,CPV,Cabo Verde,//upload.wikimedia.org/wikipedia/commons/thumb/3/38/Flag_of_Cape_Verde.svg/23px-Flag_of_Cape_Verde.svg.png
KH,KHM,Cambodia,//upload.wikimedia.org/wikipedia/commons/thumb/8/83/Flag_of_Cambodia.svg/23px-Flag_of_Cambodia.svg.png
CM,CMR,Cameroon,//upload.wikimedia.org/wikipedia/commons/thumb/4/4f/Flag_of_Cameroon.svg/23px-Flag_of_Cameroon.svg.png
CA,CAN,Canada,//upload.wikimedia.org/wikipedia/commons/thumb/d/d9/Flag_of_Canada_%28Pantone%29.svg/23px-Flag_of_Canada_%28Pantone%29.svg.png
KY,CYM,Cayman Islands,//upload.wikimedia.org/wikipedia/commons/thumb/0/0f/Flag_of_the_Cayman_Islands.svg/23px-Flag_of_the_Cayman_Islands.svg.png
CF,CAF,Central African Republic,//upload.wikimedia.org/wikipedia/commons/thumb/6/6f/Flag_of_the_Central_African_Republic.svg/23px-Flag_of_the_Central_African_Republic.svg.png
TD,TCD,Chad,//upload.wikimedia.org/wikipedia/commons/thumb/4/4b/Flag_of_Chad.svg/23px-Flag_of_Chad.svg.png
CL,CHL,Chile,//upload.wikimedia.org/wikipedia/commons/thumb/7/78/Flag_of_Chile.svg/23px-Flag_of_Chile.svg.png
CN,CHN,China,//upload.wikimedia.org/wikipedia/commons/thumb/f/fa/Flag_of_the_People%27s_Republic_of_China.svg/23px-Flag_of_the_People%27s_Republic_of_China.svg.png
CX,CXR,Christmas Island,//upload.wikimedia.org/wikipedia/commons/thumb/6/67/Flag_of_Christmas_Island.svg/23px-Flag_of_Christmas_Island.svg.png
CC,CCK,Cocos (Keeling) Islands,//upload.wikimedia.org/wikipedia/commons/thumb/7/74/Flag_of_the_Cocos_%28Keeling%29_Islands.svg/23px-Flag_of_the_Cocos_%28Keeling%29_Islands.svg.png
CO,COL,Colombia,//upload.wikimedia.org/wikipedia/commons/thumb/2/21/Flag_of_Colombia.svg/23px-Flag_of_Colombia.svg.png
KM,COM,Comoros,//upload.wikimedia.org/wikipedia/commons/thumb/9/94/Flag_of_the_Comoros.svg/23px-Flag_of_the_Comoros.svg.png
CG,COG,Congo,//upload.wikimedia.org/wikipedia/commons/thumb/9/92/Flag_of_the_Republic_of_the_Congo.svg/23px-Flag_of_the_Republic_of_the_Congo.svg.png
CD,COD,"Congo, Democratic Republic of the",//upload.wikimedia.org/wikipedia/commons/thumb/6/6f/Flag_of_the_Democratic_Republic_of_the_Congo.svg/20px-Flag_of_the_Democratic_Republic_of_the_Congo.svg.png
CK,COK,Cook Islands,//upload.wikimedia.org/wikipedia/commons/thumb/3/35/Flag_of_the_Cook_Islands.svg/23px-Flag_of_the_Cook_Islands.svg.png
CR,CRI,Costa Rica,//upload.wikimedia.org/wikipedia/commons/thumb/f/f2/Flag_of_Costa_Rica.svg/23px-Flag_of_Costa_Rica.svg.png
CI,CIV,Côte d'Ivoire,//upload.wikimedia.org/wikipedia/commons/thumb/f/fe/Flag_of_C%C3%B4te_d%27Ivoire.svg/23px-Flag_of_C%C3%B4te_d%27Ivoire.svg.png
HR,HRV,Croatia,//upload.wikimedia.org/wikipedia/commons/thumb/1/1b/Flag_of_Croatia.svg/23px-Flag_of_Croatia.svg.png
CU,CUB,Cuba,//upload.wikimedia.org/wikipedia/commons/thumb/b/bd/Flag_of_Cuba.svg/23px-Flag_of_Cuba.svg.png
CW,CUW,Curaçao,//upload.wikimedia.org/wikipedia/commons/thumb/b/b1/Flag_of_Cura%C3%A7ao.svg/23px-Flag_of_Cura%C3%A7ao.svg.png
CY,CYP,Cyprus,//upload.wikimedia.org/wikipedia/commons/thumb/d/d4/Flag_of_Cyprus.svg/23px-Flag_of_Cyprus.svg.png
CZ,CZE,Czechia,//upload.wikimedia.org/wikipedia/commons/thumb/c/cb/Flag_of_the_Czech_Republic.svg/23px-Flag_of_the_Czech_Republic.svg.png
DK,DNK,Denmark,//upload.wikimedia.org/wikipedia/commons/thumb/9/9c/Flag_of_Denmark.svg/20px-Flag_of_Denmark.svg.png
DJ,DJI,Djibouti,//upload.wikimedia.org/wikipedia/commons/thumb/3/34/Flag_of_Djibouti.svg/23px-Flag_of_Djibouti.svg.png
DM,DMA,Dominica,//upload.wikimedia.org/wikipedia/commons/thumb/c/c4/Flag_of_Dominica.svg/23px-Flag_of_Dominica.svg.png
DO,DOM,Dominican Republic,//upload.wikimedia.org/wikipedia/commons/thumb/9/9f/Flag_of_the_Dominican_Republic.svg/23px-Flag_of_the_Dominican_Republic.svg.png
EC,ECU,Ecuador,//upload.wikimedia.org/wikipedia/commons/thumb/e/e8/Flag_of_Ecuador.svg/23px-Flag_of_Ecuador.svg.png
EG,EGY,Egypt,//upload.wikimedia.org/wikipedia/commons/thumb/f/fe/Flag_of_Egypt.svg/23px-Flag_of_Egypt.svg.png
SV,SLV,El Salvador,//upload.wikimedia.org/wikipedia/commons/thumb/3/34/Flag_of_El_Salvador.svg/23px-Flag_of_El_Salvador.svg.png
GQ,GNQ,Equatorial Guinea,//upload.wikimedia.org/wikipedia/commons/thumb/3/31/Flag_of_Equatorial_Guinea.svg/23px-Flag_of_Equatorial_Guinea.svg.png
ER,ERI,Eritrea,//upload.wikimedia.org/wikipedia/commons/thumb/2/29/Flag_of_Eritrea.svg/23px-Flag_of_Eritrea.svg.png
EE,EST,Estonia,//upload.wikimedia.org/wikipedia/commons/thumb/8/8f/Flag_of_Estonia.svg/23px-Flag_of_Estonia.svg.png
SZ,SWZ,Eswatini,//upload.wikimedia.org/wikipedia/commons/thumb/f/fb/Flag_of_Eswatini.svg/23px-Flag_of_Eswatini.svg.png
ET,ETH,Ethiopia,//upload.wikimedia.org/wikipedia/commons/thumb/7/71/Flag_of_Ethiopia.svg/23px-Flag_of_Ethiopia.svg.png
FK,FLK,Falkland Islands (Malvinas),//upload.wikimedia.org/wikipedia/commons/thumb/8/83/Flag_of_the_Falkland_Islands.svg/23px-Flag_of_the_Falkland_Islands.svg.png
FO,FRO,Faroe Islands,//upload.wikimedia.org/wikipedia/commons/thumb/3/3c/Flag_of_the_Faroe_Islands.svg/21px-Flag_of_the_Faroe_Islands.svg.png
FJ,FJI,Fiji,//upload.wikimedia.org/wikipedia/commons/thumb/b/ba/Flag_of_Fiji.svg/23px-Flag_of_Fiji.svg.png
FI,FIN,Finland,//upload.wikimedia.org/wikipedia/commons/thumb/b/bc/Flag_of_Finland.svg/23px-Flag_of_Finland.svg.png
FR,FRA,France,//upload.wikimedia.org/wikipedia/en/thumb/c/c3/Flag_of_France.svg/23px-Flag_of_France.svg.png
GF,GUF,French Guiana,//upload.wikimedia.org/wikipedia/en/thumb/c/c3/Flag_of_France.svg/23px-Flag_of_France.svg.png
PF,PYF,French Polynesia,//upload.wikimedia.org/wikipedia/commons/thumb/d/db/Flag_of_French_Polynesia.svg/23px-Flag_of_French_Polynesia.svg.png
TF,ATF,French Southern Territories,//upload.wikimedia.org/wikipedia/commons/thumb/a/a7/Flag_of_the_French_Southern_and_Antarctic_Lands.svg/23px-Flag_of_the_French_Southern_and_Antarctic_Lands.svg.png
GA,GAB,Gabon,//upload.wikimedia.org/wikipedia/commons/thumb/0/04/Flag_of_Gabon.svg/20px-Flag_of_Gabon.svg.png
GM,GMB,Gambia,//upload.wikimedia.org/wikipedia/commons/thumb/7/77/Flag_of_The_Gambia.svg/23px-Flag_of_The_Gambia.svg.png
GE,GEO,Georgia,//upload.wikimedia.org/wikipedia/commons/thumb/0/0f/Flag_of_Georgia.svg/23px-Flag_of_Georgia.svg.png
DE,DEU,Germany,//upload.wikimedia.org/wikipedia/en/thumb/b/ba/Flag_of_Germany.svg/23px-Flag_of_Germany.svg.png
GH,GHA,Ghana,//upload.wikimedia.org/wikipedia/commons/thumb/1/19/Flag_of_Ghana.svg/23px-Flag_of_Ghana.svg.png
GI,GIB,Gibraltar,//upload.wikimedia.org/wikipedia/commons/thumb/0/02/Flag_of_Gibraltar.svg/23px-Flag_of_Gibraltar.svg.png
GR,GRC,Greece,//upload.wikimedia.org/wikipedia/commons/thumb/5/5c/Flag_of_Greece.svg/23px-Flag_of_Greece.svg.png
GL,GRL,Greenland,//upload.wikimedia.org/wikipedia/commons/thumb/0/09/Flag_of_Greenland.svg/23px-Flag_of_Greenland.svg.png
GD,GRD,Grenada,//upload.wikimedia.org/wikipedia/commons/thumb/b/bc/Flag_of_Grenada.svg/23px-Flag_of_Grenada.svg.png
GP,GLP,Guadeloupe,//upload.wikimedia.org/wikipedia/en/thumb/c/c3/Flag_of_France.svg/23px-Flag_of_France.svg.png
GU,GUM,Guam,//upload.wikimedia.org/wikipedia/commons/thumb/0/07/Flag_of_Guam.svg/23px-Flag_of_Guam.svg.png
GT,GTM,Guatemala,//upload.wikimedia.org/wikipedia/commons/thumb/e/ec/Flag_of_Guatemala.svg/23px-Flag_of_Guatemala.svg.png
GG,GGY,Guernsey,//upload.wikimedia.org/wikipedia/commons/thumb/f/fa/Flag_of_Guernsey.svg/23px-Flag_of_Guernsey.svg.png
GN,GIN,Guinea,//upload.wikimedia.org/wikipedia/commons/thumb/e/ed/Flag_of_Guinea.svg/23px-Flag_of_Guinea.svg.png
GW,GNB,Guinea-Bissau,//upload.wikimedia.org/wikipedia/commons/thumb/0/01/Flag_of_Guinea-Bissau.svg/23px-Flag_of_Guinea-Bissau.svg.png
GY,GUY,Guyana,//upload.wikimedia.org/wikipedia/commons/thumb/9/99/Flag_of_Guyana.svg/23px-Flag_of_Guyana.svg.png
HT,HTI,Haiti,//upload.wikimedia.org/wikipedia/commons/thumb/5/56/Flag_of_Haiti.svg/23px-Flag_of_Haiti.svg.png
HM,HMD,Heard Island and McDonald Islands,//upload.wikimedia.org/wikipedia/en/thumb/b/b9/Flag_of_Australia.svg/23px-Flag_of_Australia.svg.png
VA,VAT,Holy See,//upload.wikimedia.org/wikipedia/commons/thumb/0/00/Flag_of_the_Vatican_City.svg/16px-Flag_of_the_Vatican_City.svg.png
HN,HND,Honduras,//upload.wikimedia.org/wikipedia/commons/thumb/7/79/Flag_of_Honduras_%282008_Olympics%29.svg/23px-Flag_of_Honduras_%282008_Olympics%29.svg.png
HK,HKG,Hong Kong,//upload.wikimedia.org/wikipedia/commons/thumb/5/5b/Flag_of_Hong_Kong.svg/23px-Flag_of_Hong_Kong.svg.png
HU,HUN,Hungary,//upload.wikimedia.org/wikipedia/commons/thumb/c/c1/Flag_of_Hungary.svg/23px-Flag_of_Hungary.svg.png
IS,ISL,Iceland,//upload.wikimedia.org/wikipedia/commons/thumb/c/ce/Flag_of_Iceland.svg/21px-Flag_of_Iceland.svg.png
IN,IND,India,//upload.wikimedia.org/wikipedia/en/thumb/4/41/Flag_of_India.svg/23px-Flag_of_India.svg.png
ID,IDN,Indonesia,//upload.wikimedia.org/wikipedia/commons/thumb/9/9f/Flag_of_Indonesia.svg/23px-Flag_of_Indonesia.svg.png
IR,IRN,Iran (Islamic Republic of),//upload.wikimedia.org/wikipedia/commons/thumb/c/ca/Flag_of_Iran.svg/23px-Flag_of_Iran.svg.png
IQ,IRQ,Iraq,//upload.wikimedia.org/wikipedia/commons/thumb/f/f6/Flag_of_Iraq.svg/23px-Flag_of_Iraq.svg.png
IE,IRL,Ireland,//upload.wikimedia.org/wikipedia/commons/thumb/4/45/Flag_of_Ireland.svg/23px-Flag_of_Ireland.svg.png
IM,IMN,Isle of Man,//upload.wikimedia.org/wikipedia/commons/thumb/b/bc/Flag_of_the_Isle_of_Man.svg/23px-Flag_of_the_Isle_of_Man.svg.png
IL,ISR,Israel,//upload.wikimedia.org/wikipedia/commons/thumb/d/d4/Flag_of_Israel.svg/21px-Flag_of_Israel.svg.png
IT,ITA,Italy,//upload.wikimedia.org/wikipedia/en/thumb/0/03/Flag_of_Italy.svg/23px-Flag_of_Italy.svg.png
JM,JAM,Jamaica,//upload.wikimedia.org/wikipedia/commons/thumb/0/0a/Flag_of_Jamaica.svg/23px-Flag_of_Jamaica.svg.png
JP,JPN,Japan,//upload.wikimedia.org/wikipedia/en/thumb/9/9e/Flag_of_Japan.svg/23px-Flag_of_Japan.svg.png
JE,JEY,Jersey,//upload.wikimedia.org/wikipedia/commons/thumb/1/1c/Flag_of_Jersey.svg/23px-Flag_of_Jersey.svg.png
JO,JOR,Jordan,//upload.wikimedia.org/wikipedia/commons/thumb/c/c0/Flag_of_Jordan.svg/23px-Flag_of_Jordan.svg.png
KZ,KAZ,Kazakhstan,//upload.wikimedia.org/wikipedia/commons/thumb/d/d3/Flag_of_Kazakhstan.svg/23px-Flag_of_Kazakhstan.svg.png
KE,KEN,Kenya,//upload.wikimedia.org/wikipedia/commons/thumb/4/49/Flag_of_Kenya.svg/23px-Flag_of_Kenya.svg.png
KI,KIR,Kiribati,//upload.wikimedia.org/wikipedia/commons/thumb/d/d3/Flag_of_Kiribati.svg/23px-Flag_of_Kiribati.svg.png
KP,PRK,Korea (Democratic People's Republic of),//upload.wikimedia.org/wikipedia/commons/thumb/5/51/Flag_of_North_Korea.svg/23px-Flag_of_North_Korea.svg.png
KR,KOR,"Korea, Republic of",//upload.wikimedia.org/wikipedia/commons/thumb/0/09/Flag_of_South_Korea.svg/23px-Flag_of_South_Korea.svg.png
KW,KWT,Kuwait,//upload.wikimedia.org/wikipedia/commons/thumb/a/aa/Flag_of_Kuwait.svg/23px-Flag_of_Kuwait.svg.png
KG,KGZ,Kyrgyzstan,//upload.wikimedia.org/wikipedia/commons/thumb/c/c7/Flag_of_Kyrgyzstan.svg/23px-Flag_of_Kyrgyzstan.svg.png
LA,LAO,Lao People's Democratic Republic,//upload.wikimedia.org/wikipedia/commons/thumb/5/56/Flag_of_Laos.svg/23px-Flag_of_Laos.svg.png
LV,LVA,Latvia,//upload.wikimedia.org/wikipedia/commons/thumb/8/84/Flag_of_Latvia.svg/23px-Flag_of_Latvia.svg.png
LB,LBN,Lebanon,//upload.wikimedia.org/wikipedia/commons/thumb/5/59/Flag_of_Lebanon.svg/23px-Flag_of_Lebanon.svg.png
LS,LSO,Lesotho,//upload.wikimedia.org/wikipedia/commons/thumb/4/4a/Flag_of_Lesotho.svg/23px-Flag_of_Lesotho.svg.png
LR,LBR,Liberia,//upload.wikimedia.org/wikipedia/commons/thumb/b/b8/Flag_of_Liberia.svg/23px-Flag_of_Liberia.svg.png
LY,LBY,Libya,//upload.wikimedia.org/wikipedia/commons/thumb/0/05/Flag_of_Libya.svg/23px-Flag_of_Libya.svg.png
LI,LIE,Liechtenstein,//upload.wikimedia.org/wikipedia/commons/thumb/4/47/Flag_of_Liechtenstein.svg/23px-Flag_of_Liechtenstein.svg.png
LT,LTU,Lithuania,//upload.wikimedia.org/wikipedia/commons/thumb/1/11/Flag_of_Lithuania.svg/23px-Flag_of_Lithuania.svg.png
LU,LUX,Luxembourg,//upload.wikimedia.org/wikipedia/commons/thumb/d/da/Flag_of_Luxembourg.svg/23px-Flag_of_Luxembourg.svg.png
MO,MAC,Macao,//upload.wikimedia.org/wikipedia/commons/thumb/6/63/Flag_of_Macau.svg/23px-Flag_of_Macau.svg.png
MG,MDG,Madagascar,//upload.wikimedia.org/wikipedia/commons/thumb/b/bc/Flag_of_Madagascar.svg/23px-Flag_of_Madagascar.svg.png
MW,MWI,Malawi,//upload.wikimedia.org/wikipedia/commons/thumb/d/d1/Flag_of_Malawi.svg/23px-Flag_of_Malawi.svg.png
MY,MYS,Malaysia,//upload.wikimedia.org/wikipedia/commons/thumb/6/66/Flag_of_Malaysia.svg/23px-Flag_of_Malaysia.svg.png
MV,MDV,Maldives,//upload.wikimedia.org/wikipedia/commons/thumb/0/0f/Flag_of_Maldives.svg/23px-Flag_of_Maldives.svg.png
ML,MLI,Mali,//upload.wikimedia.org/wikipedia/commons/thumb/9/92/Flag_of_Mali.svg/23px-Flag_of_Mali.svg.png
MT,MLT,Malta,//upload.wikimedia.org/wikipedia/commons/thumb/7/73/Flag_of_Malta.svg/23px-Flag_of_Malta.svg.png
MH,MHL,Marshall Islands,//upload.wikimedia.org/wikipedia/commons/thumb/2/2e/Flag_of_the_Marshall_Islands.svg/23px-Flag_of_the_Marshall_Islands.svg.png
MQ,MTQ,Martinique,//upload.wikimedia.org/wikipedia/en/thumb/c/c3/Flag_of_France.svg/23px-Flag_of_France.svg.png
MR,MRT,Mauritania,//upload.wikimedia.org/wikipedia/commons/thumb/4/43/Flag_of_Mauritania.svg/23px-Flag_of_Mauritania.svg.png
MU,MUS,Mauritius,//upload.wikimedia.org/wikipedia/commons/thumb/7/77/Flag_of_Mauritius.svg/23px-Flag_of_Mauritius.svg.png
YT,MYT,Mayotte,//upload.wikimedia.org/wikipedia/en/thumb/c/c3/Flag_of_France.svg/23px-Flag_of_France.svg.png
MX,MEX,Mexico,//upload.wikimedia.org/wikipedia/commons/thumb/f/fc/Flag_of_Mexico.svg/23px-Flag_of_Mexico.svg.png
FM,FSM,Micronesia (Federated States of),//upload.wikimedia.org/wikipedia/commons/thumb/e/e4/Flag_of_the_Federated_States_of_Micronesia.svg/23px-Flag_of_the_Federated_States_of_Micronesia.svg.png
MD,MDA,"Moldova, Republic of",//upload.wikimedia.org/wikipedia/commons/thumb/2/27/Flag_of_Moldova.svg/23px-Flag_of_Moldova.svg.png
MC,MCO,Monaco,//upload.wikimedia.org/wikipedia/commons/thumb/e/ea/Flag_of_Monaco.svg/19px-Flag_of_Monaco.svg.png
MN,MNG,Mongolia,//upload.wikimedia.org/wikipedia/commons/thumb/4/4c/Flag_of_Mongolia.svg/23px-Flag_of_Mongolia.svg.png
ME,MNE,Montenegro,//upload.wikimedia.org/wikipedia/commons/thumb/6/64/Flag_of_Montenegro.svg/23px-Flag_of_Montenegro.svg.png
MS,MSR,Montserrat,//upload.wikimedia.org/wikipedia/commons/thumb/d/d0/Flag_of_Montserrat.svg/23px-Flag_of_Montserrat.svg.png
MA,MAR,Morocco,//upload.wikimedia.org/wikipedia/commons/thumb/2/2c/Flag_of_Morocco.svg/23px-Flag_of_Morocco.svg.png
MZ,MOZ,Mozambique,//upload.wikimedia.org/wikipedia/commons/thumb/d/d0/Flag_of_Mozambique.svg/23px-Flag_of_Mozambique.svg.png
MM,MMR,Myanmar,//upload.wikimedia.org/wikipedia/commons/thumb/8/8c/Flag_of_Myanmar.svg/23px-Flag_of_Myanmar.svg.png
NA,NAM,Namibia,//upload.wikimedia.org/wikipedia/commons/thumb/0/00/Flag_of_Namibia.svg/23px-Flag_of_Namibia.svg.png
NR,NRU,Nauru,//upload.wikimedia.org/wikipedia/commons/thumb/3/30/Flag_of_Nauru.svg/23px-Flag_of_Nauru.svg.png
NP,NPL,Nepal,//upload.wikimedia.org/wikipedia/commons/thumb/9/9b/Flag_of_Nepal.svg/16px-Flag_of_Nepal.svg.png
NL,NLD,Netherlands,//upload.wikimedia.org/wikipedia/commons/thumb/2/20/Flag_of_the_Netherlands.svg/23px-Flag_of_the_Netherlands.svg.png
NC,NCL,New Caledonia,//upload.wikimedia.org/wikipedia/commons/thumb/2/26/Flags_of_New_Caledonia.svg/43px-Flags_of_New_Caledonia.svg.png
NZ,NZL,New Zealand,//upload.wikimedia.org/wikipedia/commons/thumb/3/3e/Flag_of_New_Zealand.svg/23px-Flag_of_New_Zealand.svg.png
NI,NIC,Nicaragua,//upload.wikimedia.org/wikipedia/commons/thumb/1/19/Flag_of_Nicaragua.svg/23px-Flag_of_Nicaragua.svg.png
NE,NER,Niger,//upload.wikimedia.org/wikipedia/commons/thumb/f/f4/Flag_of_Niger.svg/18px-Flag_of_Niger.svg.png
NG,NGA,Nigeria,//upload.wikimedia.org/wikipedia/commons/thumb/7/79/Flag_of_Nigeria.svg/23px-Flag_of_Nigeria.svg.png
NU,NIU,Niue,//upload.wikimedia.org/wikipedia/commons/thumb/0/01/Flag_of_Niue.svg/23px-Flag_of_Niue.svg.png
NF,NFK,Norfolk Island,//upload.wikimedia.org/wikipedia/commons/thumb/4/48/Flag_of_Norfolk_Island.svg/23px-Flag_of_Norfolk_Island.svg.png
MK,MKD,North Macedonia,//upload.wikimedia.org/wikipedia/commons/thumb/7/79/Flag_of_North_Macedonia.svg/23px-Flag_of_North_Macedonia.svg.png
MP,MNP,Northern Mariana Islands,//upload.wikimedia.org/wikipedia/commons/thumb/e/e0/Flag_of_the_Northern_Mariana_Islands.svg/23px-Flag_of_the_Northern_Mariana_Islands.svg.png
NO,NOR,Norway,//upload.wikimedia.org/wikipedia/commons/thumb/d/d9/Flag_of_Norway.svg/21px-Flag_of_Norway.svg.png
OM,OMN,Oman,//upload.wikimedia.org/wikipedia/commons/thumb/d/dd/Flag_of_Oman.svg/23px-Flag_of_Oman.svg.png
PK,PAK,Pakistan,//upload.wikimedia.org/wikipedia/commons/thumb/3/32/Flag_of_Pakistan.svg/23px-Flag_of_Pakistan.svg.png
PW,PLW,Palau,//upload.wikimedia.org/wikipedia/commons/thumb/4/48/Flag_of_Palau.svg/23px-Flag_of_Palau.svg.png
PS,PSE,"Palestine, State of",//upload.wikimedia.org/wikipedia/commons/thumb/0/00/Flag_of_Palestine.svg/23px-Flag_of_Palestine.svg.png
PA,PAN,Panama,//upload.wikimedia.org/wikipedia/commons/thumb/a/ab/Flag_of_Panama.svg/23px-Flag_of_Panama.svg.png
PG,PNG,Papua New Guinea,//upload.wikimedia.org/wikipedia/commons/thumb/e/e3/Flag_of_Papua_New_Guinea.svg/20px-Flag_of_Papua_New_Guinea.svg.png
PY,PRY,Paraguay,//upload.wikimedia.org/wikipedia/commons/thumb/2/27/Flag_of_Paraguay.svg/23px-Flag_of_Paraguay.svg.png
PE,PER,Peru,//upload.wikimedia.org/wikipedia/commons/thumb/c/cf/Flag_of_Peru.svg/23px-Flag_of_Peru.svg.png
PH,PHL,Philippines,//upload.wikimedia.org/wikipedia/commons/thumb/9/99/Flag_of_the_Philippines.svg/23px-Flag_of_the_Philippines.svg.png
PN,PCN,Pitcairn,//upload.wikimedia.org/wikipedia/commons/thumb/8/88/Flag_of_the_Pitcairn_Islands.svg/23px-Flag_of_the_Pitcairn_Islands.svg.png
PL,POL,Poland,//upload.wikimedia.org/wikipedia/en/thumb/1/12/Flag_of_Poland.svg/23px-Flag_of_Poland.svg.png
PT,PRT,Portugal,//upload.wikimedia.org/wikipedia/commons/thumb/5/5c/Flag_of_Portugal.svg/23px-Flag_of_Portugal.svg.png
PR,PRI,Puerto Rico,//upload.wikimedia.org/wikipedia/commons/thumb/2/28/Flag_of_Puerto_Rico.svg/23px-Flag_of_Puerto_Rico.svg.png
QA,QAT,Qatar,//upload.wikimedia.org/wikipedia/commons/thumb/6/65/Flag_of_Qatar.svg/23px-Flag_of_Qatar.svg.png
RE,REU,Réunion,//upload.wikimedia.org/wikipedia/en/thumb/c/c3/Flag_of_France.svg/23px-Flag_of_France.svg.png
RO,ROU,Romania,//upload.wikimedia.org/wikipedia/commons/thumb/7/73/Flag_of_Romania.svg/23px-Flag_of_Romania.svg.png
RU,RUS,Russian Federation,//upload.wikimedia.org/wikipedia/en/thumb/f/f3/Flag_of_Russia.svg/23px-Flag_of_Russia.svg.png
RW,RWA,Rwanda,//upload.wikimedia.org/wikipedia/commons/thumb/1/17/Flag_of_Rwanda.svg/23px-Flag_of_Rwanda.svg.png
BL,BLM,Saint Barthélemy,//upload.wikimedia.org/wikipedia/en/thumb/c/c3/Flag_of_France.svg/23px-Flag_of_France.svg.png
SH,SHN,"Saint Helena, Ascension and Tristan da Cunha",//upload.wikimedia.org/wikipedia/en/thumb/a/ae/Flag_of_the_United_Kingdom.svg/23px-Flag_of_the_United_Kingdom.svg.png
KN,KNA,Saint Kitts and Nevis,//upload.wikimedia.org/wikipedia/commons/thumb/f/fe/Flag_of_Saint_Kitts_and_Nevis.svg/23px-Flag_of_Saint_Kitts_and_Nevis.svg.png
LC,LCA,Saint Lucia,//upload.wikimedia.org/wikipedia/commons/thumb/9/9f/Flag_of_Saint_Lucia.svg/23px-Flag_of_Saint_Lucia.svg.png
MF,MAF,Saint Martin (French part),//upload.wikimedia.org/wikipedia/en/thumb/c/c3/Flag_of_France.svg/23px-Flag_of_France.svg.png
PM,SPM,Saint Pierre and Miquelon,//upload.wikimedia.org/wikipedia/en/thumb/c/c3/Flag_of_France.svg/23px-Flag_of_France.svg.png
VC,VCT,Saint Vincent and the Grenadines,//upload.wikimedia.org/wikipedia/commons/thumb/6/6d/Flag_of_Saint_Vincent_and_the_Grenadines.svg/23px-Flag_of_Saint_Vincent_and_the_Grenadines.svg.png
WS,WSM,Samoa,//upload.wikimedia.org/wikipedia/commons/thumb/3/31/Flag_of_Samoa.svg/23px-Flag_of_Samoa.svg.png
SM,SMR,San Marino,//upload.wikimedia.org/wikipedia/commons/thumb/b/b1/Flag_of_San_Marino.svg/20px-Flag_of_San_Marino.svg.png
ST,STP,Sao Tome and Principe,//upload.wikimedia.org/wikipedia/commons/thumb/4/4f/Flag_of_Sao_Tome_and_Principe.svg/23px-Flag_of_Sao_Tome_and_Principe.svg.png
SA,SAU,Saudi Arabia,//upload.wikimedia.org/wikipedia/commons/thumb/0/0d/Flag_of_Saudi_Arabia.svg/23px-Flag_of_Saudi_Arabia.svg.png
SN,SEN,Senegal,//upload.wikimedia.org/wikipedia/commons/thumb/f/fd/Flag_of_Senegal.svg/23px-Flag_of_Senegal.svg.png
RS,SRB,Serbia,//upload.wikimedia.org/wikipedia/commons/thumb/f/ff/Flag_of_Serbia.svg/23px-Flag_of_Serbia.svg.png
SC,SYC,Seychelles,//upload.wikimedia.org/wikipedia/commons/thumb/f/fc/Flag_of_Seychelles.svg/23px-Flag_of_Seychelles.svg.png
SL,SLE,Sierra Leone,//upload.wikimedia.org/wikipedia/commons/thumb/1/17/Flag_of_Sierra_Leone.svg/23px-Flag_of_Sierra_Leone.svg.png
SG,SGP,Singapore,//upload.wikimedia.org/wikipedia/commons/thumb/4/48/Flag_of_Singapore.svg/23px-Flag_of_Singapore.svg.png
SX,SXM,Sint Maarten (Dutch part),//upload.wikimedia.org/wikipedia/commons/thumb/d/d3/Flag_of_Sint_Maarten.svg/23px-Flag_of_Sint_Maarten.svg.png
SK,SVK,Slovakia,//upload.wikimedia.org/wikipedia/commons/thumb/e/e6/Flag_of_Slovakia.svg/23px-Flag_of_Slovakia.svg.png
SI,SVN,Slovenia,//upload.wikimedia.org/wikipedia/commons/thumb/f/f0/Flag_of_Slovenia.svg/23px-Flag_of_Slovenia.svg.png
SB,SLB,Solomon Islands,//upload.wikimedia.org/wikipedia/commons/thumb/7/74/Flag_of_the_Solomon_Islands.svg/23px-Flag_of_the_Solomon_Islands.svg.png
SO,SOM,Somalia,//upload.wikimedia.org/wikipedia/commons/thumb/a/a0/Flag_of_Somalia.svg/23px-Flag_of_Somalia.svg.png
ZA,ZAF,South Africa,//upload.wikimedia.org/wikipedia/commons/thumb/a/af/Flag_of_South_Africa.svg/23px-Flag_of_South_Africa.svg.png
GS,SGS,South Georgia and the South Sandwich Islands,//upload.wikimedia.org/wikipedia/commons/thumb/e/ed/Flag_of_South_Georgia_and_the_South_Sandwich_Islands.svg/23px-Flag_of_South_Georgia_and_the_South_Sandwich_Islands.svg.png
SS,SSD,South Sudan,//upload.wikimedia.org/wikipedia/commons/thumb/7/7a/Flag_of_South_Sudan.svg/23px-Flag_of_South_Sudan.svg.png
ES,ESP,Spain,//upload.wikimedia.org/wikipedia/en/thumb/9/9a/Flag_of_Spain.svg/23px-Flag_of_Spain.svg.png
LK,LKA,Sri Lanka,//upload.wikimedia.org/wikipedia/commons/thumb/1/11/Flag_of_Sri_Lanka.svg/23px-Flag_of_Sri_Lanka.svg.png
SD,SDN,Sudan,//upload.wikimedia.org/wikipedia/commons/thumb/0/01/Flag_of_Sudan.svg/23px-Flag_of_Sudan.svg.png
SR,SUR,Suriname,//upload.wikimedia.org/wikipedia/commons/thumb/6/60/Flag_of_Suriname.svg/23px-Flag_of_Suriname.svg.png
SJ,SJM,Svalbard and Jan Mayen,//upload.wikimedia.org/wikipedia/commons/thumb/d/d9/Flag_of_Norway.svg/21px-Flag_of_Norway.svg.png
SE,SWE,Sweden,//upload.wikimedia.org/wikipedia/en/thumb/4/4c/Flag_of_Sweden.svg/23px-Flag_of_Sweden.svg.png
CH,CHE,Switzerland,//upload.wikimedia.org/wikipedia/commons/thumb/f/f3/Flag_of_Switzerland.svg/16px-Flag_of_Switzerland.svg.png
SY,SYR,Syrian Arab Republic,//upload.wikimedia.org/wikipedia/commons/thumb/5/53/Flag_of_Syria.svg/23px-Flag_of_Syria.svg.png
TW,TWN,"Taiwan, Province of China",//upload.wikimedia.org/wikipedia/commons/thumb/7/72/Flag_of_the_Republic_of_China.svg/23px-Flag_of_the_Republic_of_China.svg.png
TJ,TJK,Tajikistan,//upload.wikimedia.org/wikipedia/commons/thumb/d/d0/Flag_of_Tajikistan.svg/23px-Flag_of_Tajikistan.svg.png
TZ,TZA,"Tanzania, United Republic of",//upload.wikimedia.org/wikipedia/commons/thumb/3/38/Flag_of_Tanzania.svg/23px-Flag_of_Tanzania.svg.png
TH,THA,Thailand,//upload.wikimedia.org/wikipedia/commons/thumb/a/a9/Flag_of_Thailand.svg/23px-Flag_of_Thailand.svg.png
TL,TLS,Timor-Leste,//upload.wikimedia.org/wikipedia/commons/thumb/2/26/Flag_of_East_Timor.svg/23px-Flag_of_East_Timor.svg.png
TG,TGO,Togo,//upload.wikimedia.org/wikipedia/commons/thumb/6/68/Flag_of_Togo.svg/23px-Flag_of_Togo.svg.png
TK,TKL,Tokelau,//upload.wikimedia.org/wikipedia/commons/thumb/8/8e/Flag_of_Tokelau.svg/23px-Flag_of_Tokelau.svg.png
TO,TON,Tonga,//upload.wikimedia.org/wikipedia/commons/thumb/9/9a/Flag_of_Tonga.svg/23px-Flag_of_Tonga.svg.png
TT,TTO,Trinidad and Tobago,//upload.wikimedia.org/wikipedia/commons/thumb/6/64/Flag_of_Trinidad_and_Tobago.svg/23px-Flag_of_Trinidad_and_Tobago.svg.png
TN,TUN,Tunisia,//upload.wikimedia.org/wikipedia/commons/thumb/c/ce/Flag_of_Tunisia.svg/23px-Flag_of_Tunisia.svg.png
TR,TUR,Turkey,//upload.wikimedia.org/wikipedia/commons/thumb/b/b4/Flag_of_Turkey.svg/23px-Flag_of_Turkey.svg.png
TM,TKM,Turkmenistan,//upload.wikimedia.org/wikipedia/commons/thumb/1/1b/Flag_of_Turkmenistan.svg/23px-Flag_of_Turkmenistan.svg.png
TC,TCA,Turks and Caicos Islands,//upload.wikimedia.org/wikipedia/commons/thumb/a/a0/Flag_of_the_Turks_and_Caicos_Islands.svg/23px-Flag_of_the_Turks_and_Caicos_Islands.svg.png
TV,TUV,Tuvalu,//upload.wikimedia.org/wikipedia/commons/thumb/3/38/Flag_of_Tuvalu.svg/23px-Flag_of_Tuvalu.svg.png
UG,UGA,Uganda,//upload.wikimedia.org/wikipedia/commons/thumb/4/4e/Flag_of_Uganda.svg/23px-Flag_of_Uganda.svg.png
UA,UKR,Ukraine,//upload.wikimedia.org/wikipedia/commons/thumb/4/49/Flag_of_Ukraine.svg/23px-Flag_of_Ukraine.svg.png
AE,ARE,United Arab Emirates,//upload.wikimedia.org/wikipedia/commons/thumb/c/cb/Flag_of_the_United_Arab_Emirates.svg/23px-Flag_of_the_United_Arab_Emirates.svg.png
GB,GBR,United Kingdom of Great Britain and Northern Ireland,//upload.wikimedia.org/wikipedia/en/thumb/a/ae/Flag_of_the_United_Kingdom.svg/23px-Flag_of_the_United_Kingdom.svg.png
US,USA,United States of America,//upload.wikimedia.org/wikipedia/en/thumb/a/a4/Flag_of_the_United_States.svg/23px-Flag_of_the_United_States.svg.png
UM,UMI,United States Minor Outlying Islands,//upload.wikimedia.org/wikipedia/en/thumb/a/a4/Flag_of_the_United_States.svg/23px-Flag_of_the_United_States.svg.png
UY,URY,Uruguay,//upload.wikimedia.org/wikipedia/commons/thumb/f/fe/Flag_of_Uruguay.svg/23px-Flag_of_Uruguay.svg.png
UZ,UZB,Uzbekistan,//upload.wikimedia.org/wikipedia/commons/thumb/8/84/Flag_of_Uzbekistan.svg/23px-Flag_of_Uzbekistan.svg.png
VU,VUT,Vanuatu,//upload.wikimedia.org/wikipedia/commons/thumb/b/bc/Flag_of_Vanuatu.svg/23px-Flag_of_Vanuatu.svg.png
VE,VEN,Venezuela (Bolivarian Republic of),//upload.wikimedia.org/wikipedia/commons/thumb/0/06/Flag_of_Venezuela.svg/23px-Flag_of_Venezuela.svg.png
VN,VNM,Viet Nam,//upload.wikimedia.org/wikipedia/commons/thumb/2/21/Flag_of_Vietnam.svg/23px-Flag_of_Vietnam.svg.png
VG,VGB,Virgin Islands (British),//upload.wikimedia.org/wikipedia/commons/thumb/4/42/Flag_of_the_British_Virgin_Islands.svg/23px-Flag_of_the_British_Virgin_Islands.svg.png
VI,VIR,Virgin Islands (U.S.),//upload.wikimedia.org/wikipedia/commons/thumb/f/f8/Flag_of_the_United_States_Virgin_Islands.svg/23px-Flag_of_the_United_States_Virgin_Islands.svg.png
WF,WLF,Wallis and Futuna,//upload.wikimedia.org/wikipedia/en/thumb/c/c3/Flag_of_France.svg/23px-Flag_of_France.svg.png
EH,ESH,Western Sahara,//upload.wikimedia.org/wikipedia/commons/thumb/2/26/Flag_of_the_Sahrawi_Arab_Democratic_Republic.svg/23px-Flag_of_the_Sahrawi_Arab_Democratic_Republic.svg.png
YE,YEM,Yemen,//upload.wikimedia.org/wikipedia/commons/thumb/8/89/Flag_of_Yemen.svg/23px-Flag_of_Yemen.svg.png
ZM,ZMB,Zambia,//upload.wikimedia.org/wikipedia/commons/thumb/0/06/Flag_of_Zambia.svg/23px-Flag_of_Zambia.svg.png
ZW,ZWE,Zimbabwe,//upload.wikimedia.org/wikipedia/commons/thumb/6/6a/Flag_of_Zimbabwe.svg/23px-Flag_of_Zimbabwe.svg.png
